<?xml version="1.0"?>
<doc>
    <assembly>
        <name>MassTransit.RabbitMqTransport</name>
    </assembly>
    <members>
        <member name="P:MassTransit.IRabbitMqBatchPublishConfigurator.Enabled">
            <summary>
            If true, messages are queued up to send in batches to reduce broker round-trip calls
            </summary>
        </member>
        <member name="P:MassTransit.IRabbitMqBatchPublishConfigurator.MessageLimit">
            <summary>
            The maximum number of messages to include in a batch
            </summary>
        </member>
        <member name="P:MassTransit.IRabbitMqBatchPublishConfigurator.SizeLimit">
            <summary>
            A rough size limit for a batch of messages
            </summary>
        </member>
        <member name="P:MassTransit.IRabbitMqBatchPublishConfigurator.Timeout">
            <summary>
            The time to wait for more messages before sending a batch. Should be small, like &lt; 10 milliseconds
            </summary>
        </member>
        <member name="M:MassTransit.IRabbitMqBusFactoryConfigurator.Send``1(System.Action{MassTransit.IRabbitMqMessageSendTopologyConfigurator{``0}})">
            <summary>
            Configure the send topology of the message type
            </summary>
            <typeparam name="T"></typeparam>
            <param name="configureTopology"></param>
        </member>
        <member name="M:MassTransit.IRabbitMqBusFactoryConfigurator.Publish``1(System.Action{MassTransit.IRabbitMqMessagePublishTopologyConfigurator{``0}})">
            <summary>
            Configure the send topology of the message type
            </summary>
            <typeparam name="T"></typeparam>
            <param name="configureTopology"></param>
        </member>
        <member name="M:MassTransit.IRabbitMqBusFactoryConfigurator.OverrideDefaultBusEndpointQueueName(System.String)">
            <summary>
            In most cases, this is not needed and should not be used. However, if for any reason the default bus
            endpoint queue name needs to be changed, this will do it. Do NOT set it to the same name as a receive
            endpoint or you will screw things up.
            </summary>
        </member>
        <member name="M:MassTransit.IRabbitMqBusFactoryConfigurator.Host(MassTransit.RabbitMqHostSettings)">
            <summary>
            Configure a Host that can be connected. If only one host is specified, it is used as the default
            host for receive endpoints.
            </summary>
            <param name="settings"></param>
            <returns></returns>
        </member>
        <member name="M:MassTransit.IRabbitMqClusterConfigurator.Node(System.String)">
            <summary>
            Add a node to the cluster, which may include a host name, and an option port number.
            </summary>
            <param name="nodeAddress">The node address</param>
        </member>
        <member name="T:MassTransit.IRabbitMqExchangeBindingConfigurator">
            <summary>
            Used to configure the binding of an exchange (to either a queue or another exchange)
            </summary>
        </member>
        <member name="P:MassTransit.IRabbitMqExchangeBindingConfigurator.RoutingKey">
            <summary>
            A routing key for the exchange binding
            </summary>
        </member>
        <member name="M:MassTransit.IRabbitMqExchangeBindingConfigurator.SetBindingArgument(System.String,System.Object)">
            <summary>
            Sets the binding argument, or removes it if value is null
            </summary>
            <param name="key"></param>
            <param name="value"></param>
        </member>
        <member name="T:MassTransit.IRabbitMqExchangeConfigurator">
            <summary>
            Configures an exchange for RabbitMQ
            </summary>
        </member>
        <member name="P:MassTransit.IRabbitMqExchangeConfigurator.Durable">
            <summary>
            Specify the queue should be durable (survives broker restart) or in-memory
            </summary>
            <value>True for a durable queue, False for an in-memory queue</value>
        </member>
        <member name="P:MassTransit.IRabbitMqExchangeConfigurator.AutoDelete">
            <summary>
            Specify that the queue (and the exchange of the same name) should be created as auto-delete
            </summary>
        </member>
        <member name="P:MassTransit.IRabbitMqExchangeConfigurator.ExchangeType">
            <summary>
            Specify the exchange type for the endpoint
            </summary>
        </member>
        <member name="M:MassTransit.IRabbitMqExchangeConfigurator.SetExchangeArgument(System.String,System.Object)">
            <summary>
            Set an exchange argument passed to the broker on queue declaration
            </summary>
            <param name="key">The argument key</param>
            <param name="value">The argument value</param>
        </member>
        <member name="M:MassTransit.IRabbitMqExchangeConfigurator.SetExchangeArgument(System.String,System.TimeSpan)">
            <summary>
            Set the exchange argument to the TimeSpan (which is converted to milliseconds)
            </summary>
            <param name="key"></param>
            <param name="value"></param>
        </member>
        <member name="P:MassTransit.IRabbitMqHostConfigurator.PublisherConfirmation">
            <summary>
            Enables RabbitMQ publish acknowledgement, so that the Task returned from Send/Publish
            is not completed until the message has been confirmed by the broker.
            </summary>
        </member>
        <member name="M:MassTransit.IRabbitMqHostConfigurator.UseSsl(System.Action{MassTransit.IRabbitMqSslConfigurator})">
            <summary>
            Configure the use of SSL to connection to RabbitMQ
            </summary>
            <param name="configureSsl"></param>
        </member>
        <member name="M:MassTransit.IRabbitMqHostConfigurator.Heartbeat(System.UInt16)">
            <summary>
            Specifies the heartbeat interval, in seconds, used to maintain the connection to RabbitMQ.
            Setting this value to zero will disable heartbeats, allowing the connection to timeout
            after an inactivity period.
            </summary>
            <param name="requestedHeartbeat"></param>
        </member>
        <member name="M:MassTransit.IRabbitMqHostConfigurator.Heartbeat(System.TimeSpan)">
            <summary>
            Specifies the heartbeat interval, used to maintain the connection to RabbitMQ.
            Setting this value to TimeSpan.Zero will disable heartbeats, allowing the connection to timeout
            after an inactivity period.
            </summary>
        </member>
        <member name="M:MassTransit.IRabbitMqHostConfigurator.Username(System.String)">
            <summary>
            Sets the username for the connection to RabbitMQ
            </summary>
            <param name="username"></param>
        </member>
        <member name="M:MassTransit.IRabbitMqHostConfigurator.Password(System.String)">
            <summary>
            Sets the password for the connection to RabbitMQ
            </summary>
            <param name="password"></param>
        </member>
        <member name="M:MassTransit.IRabbitMqHostConfigurator.UseCluster(System.Action{MassTransit.IRabbitMqClusterConfigurator})">
            <summary>
            Configure a RabbitMQ High-Availability cluster which will cycle hosts when connections are interrupted.
            </summary>
            <param name="configureCluster">The cluster configuration</param>
        </member>
        <member name="M:MassTransit.IRabbitMqHostConfigurator.RequestedChannelMax(System.UInt16)">
            <summary>
            Set the maximum number of channels allowed for the connection
            </summary>
            <param name="value"></param>
        </member>
        <member name="M:MassTransit.IRabbitMqHostConfigurator.RequestedConnectionTimeout(System.Int32)">
            <summary>
            The requested connection timeout, in milliseconds
            </summary>
            <param name="milliseconds"></param>
        </member>
        <member name="M:MassTransit.IRabbitMqHostConfigurator.RequestedConnectionTimeout(System.TimeSpan)">
            <summary>
            The requested connection timeout
            </summary>
        </member>
        <member name="M:MassTransit.IRabbitMqHostConfigurator.ConfigureBatchPublish(System.Action{MassTransit.IRabbitMqBatchPublishConfigurator})">
            <summary>
            Configure the RabbitMQ Batch Publish transport settings
            </summary>
            <param name="configure"></param>
        </member>
        <member name="M:MassTransit.IRabbitMqHostConfigurator.ContinuationTimeout(System.TimeSpan)">
            <summary>
            Sets the continuation timeout for command communication with RabbitMQ
            </summary>
            <param name="timeout"></param>
        </member>
        <member name="M:MassTransit.IRabbitMqHostConfigurator.MaxMessageSize(System.UInt32)">
            <summary>
            Configure the Max message size for RabbitMQ.Client
            </summary>
        </member>
        <member name="T:MassTransit.IRabbitMqQueueConfigurator">
            <summary>
            Configures a queue/exchange pair in RabbitMQ
            </summary>
        </member>
        <member name="P:MassTransit.IRabbitMqQueueConfigurator.Exclusive">
            <summary>
            Specify that the queue is exclusive to this process and cannot be accessed by other processes
            at the same time.
            </summary>
        </member>
        <member name="P:MassTransit.IRabbitMqQueueConfigurator.Lazy">
            <summary>
            Sets the queue to be lazy (using less memory)
            </summary>
        </member>
        <member name="P:MassTransit.IRabbitMqQueueConfigurator.QueueExpiration">
            <summary>
            Set the queue to expire after the specified time
            </summary>
        </member>
        <member name="P:MassTransit.IRabbitMqQueueConfigurator.SingleActiveConsumer">
            <summary>
            Allows to have only one consumer at a time consuming from a queue
            and to fail over to another registered consumer in case the active one is cancelled or dies
            </summary>
        </member>
        <member name="M:MassTransit.IRabbitMqQueueConfigurator.SetQueueArgument(System.String,System.Object)">
            <summary>
            Set a queue argument passed to the broker on queue declaration
            </summary>
            <param name="key">The argument key</param>
            <param name="value">The argument value</param>
        </member>
        <member name="M:MassTransit.IRabbitMqQueueConfigurator.SetQueueArgument(System.String,System.TimeSpan)">
            <summary>
            Set the queue argument to the TimeSpan (which is converted to milliseconds)
            </summary>
            <param name="key"></param>
            <param name="value"></param>
        </member>
        <member name="M:MassTransit.IRabbitMqQueueConfigurator.EnablePriority(System.Byte)">
            <summary>
            Enable the message priority for the queue, specifying the maximum priority available
            </summary>
            <param name="maxPriority"></param>
        </member>
        <member name="M:MassTransit.IRabbitMqQueueConfigurator.SetQuorumQueue(System.Nullable{System.Int32})">
            <summary>
            Specify that the queue should be a quorum queue
            </summary>
            <param name="replicationFactor">
            Optional, if specified must be greater than zero and less than the number of cluster nodes.
            An odd value is recommended.
            </param>
        </member>
        <member name="P:MassTransit.IRabbitMqQueueEndpointConfigurator.PurgeOnStartup">
            <summary>
            Purge the messages from an existing queue on startup (note that upon reconnection to the server
            the queue will not be purged again, only when the service is restarted).
            </summary>
        </member>
        <member name="P:MassTransit.IRabbitMqQueueEndpointConfigurator.ConsumerPriority">
            <summary>
            Sets the priority of the consumer (optional, no default value specified)
            </summary>
        </member>
        <member name="P:MassTransit.IRabbitMqQueueEndpointConfigurator.ExclusiveConsumer">
            <summary>
            Should the consumer have exclusive access to the queue
            </summary>
        </member>
        <member name="T:MassTransit.IRabbitMqReceiveEndpointConfigurator">
            <summary>
            Configure a receiving RabbitMQ endpoint
            </summary>
        </member>
        <member name="P:MassTransit.IRabbitMqReceiveEndpointConfigurator.BindQueue">
            <summary>
            If false, deploys only exchange, without queue
            </summary>
        </member>
        <member name="P:MassTransit.IRabbitMqReceiveEndpointConfigurator.DeadLetterExchange">
            <summary>
            Specifies the dead letter exchange name, which is used to send expired messages
            </summary>
        </member>
        <member name="M:MassTransit.IRabbitMqReceiveEndpointConfigurator.ConnectManagementEndpoint(MassTransit.IReceiveEndpointConfigurator)">
            <summary>
            Configure a management endpoint for this receive endpoint
            </summary>
            <param name="management"></param>
        </member>
        <member name="M:MassTransit.IRabbitMqReceiveEndpointConfigurator.Bind(System.String,System.Action{MassTransit.IRabbitMqExchangeBindingConfigurator})">
            <summary>
            Bind an exchange to the receive endpoint exchange
            </summary>
            <param name="exchangeName">The exchange name</param>
            <param name="callback">Configure the exchange and binding</param>
        </member>
        <member name="M:MassTransit.IRabbitMqReceiveEndpointConfigurator.Bind``1(System.Action{MassTransit.IRabbitMqExchangeBindingConfigurator})">
            <summary>
            Bind an exchange to the receive endpoint exchange
            </summary>
            <param name="callback">Configure the exchange and binding</param>
        </member>
        <member name="M:MassTransit.IRabbitMqReceiveEndpointConfigurator.BindDeadLetterQueue(System.String,System.String,System.Action{MassTransit.IRabbitMqQueueBindingConfigurator})">
            <summary>
            Bind a dead letter exchange and queue to the receive endpoint so that expired messages are moved automatically.
            </summary>
            <param name="exchangeName"></param>
            <param name="queueName"></param>
            <param name="configure"></param>
        </member>
        <member name="M:MassTransit.IRabbitMqReceiveEndpointConfigurator.ConfigureModel(System.Action{MassTransit.IPipeConfigurator{MassTransit.RabbitMqTransport.ModelContext}})">
            <summary>
            Add middleware to the model pipe
            </summary>
            <param name="configure"></param>
        </member>
        <member name="M:MassTransit.IRabbitMqReceiveEndpointConfigurator.ConfigureConnection(System.Action{MassTransit.IPipeConfigurator{MassTransit.RabbitMqTransport.ConnectionContext}})">
            <summary>
            Add middleware to the connection pipe
            </summary>
            <param name="configure"></param>
        </member>
        <member name="T:MassTransit.IRabbitMqSslConfigurator">
            <summary>
            Configures SSL/TLS for RabbitMQ. See http://www.rabbitmq.com/ssl.html
            for details on how to set up RabbitMQ for SSL.
            </summary>
        </member>
        <member name="P:MassTransit.IRabbitMqSslConfigurator.Protocol">
            <summary>
            The SSL protocol version.
            </summary>
        </member>
        <member name="P:MassTransit.IRabbitMqSslConfigurator.ServerName">
            <summary>
            The server canonical name. The name has to match CN in the server certificate.
            </summary>
        </member>
        <member name="P:MassTransit.IRabbitMqSslConfigurator.CertificatePath">
            <summary>
            The path to a file containing a certificate to use for client authentication, not required if <see cref="P:MassTransit.IRabbitMqSslConfigurator.Certificate" /> is populated
            </summary>
        </member>
        <member name="P:MassTransit.IRabbitMqSslConfigurator.CertificatePassphrase">
            <summary>
            The password for the certificate file at <see cref="P:MassTransit.IRabbitMqSslConfigurator.CertificatePath" />
            </summary>
        </member>
        <member name="P:MassTransit.IRabbitMqSslConfigurator.Certificate">
            <summary>
            A certificate instance to use for client authentication, if provided then <see cref="P:MassTransit.IRabbitMqSslConfigurator.CertificatePath" />
            and <see cref="P:MassTransit.IRabbitMqSslConfigurator.CertificatePassphrase" /> are not required
            </summary>
        </member>
        <member name="P:MassTransit.IRabbitMqSslConfigurator.UseCertificateAsAuthenticationIdentity">
            <summary>
            Whether to use client certificate to authenticate the client. If false, client certificate is used only for SSL encryption.
            </summary>
        </member>
        <member name="P:MassTransit.IRabbitMqSslConfigurator.CertificateSelectionCallback">
            <summary>
            An optional client specified SSL certificate selection callback.  If this is not specified,
            the first valid certificate found will be used.
            </summary>
        </member>
        <member name="P:MassTransit.IRabbitMqSslConfigurator.CertificateValidationCallback">
            <summary>
            An optional client specified SSL certificate validation callback.  If this is not specified,
            the default callback will be used in conjunction with the <see cref="P:RabbitMQ.Client.SslOption.AcceptablePolicyErrors" /> property to
            determine if the remote server certificate is valid.
            </summary>
        </member>
        <member name="M:MassTransit.IRabbitMqSslConfigurator.AllowPolicyErrors(System.Net.Security.SslPolicyErrors)">
            <summary>
            Disables SSL policy checks.
            </summary>
            <param name="policyErrors">The checks to disable.</param>
        </member>
        <member name="M:MassTransit.IRabbitMqSslConfigurator.EnforcePolicyErrors(System.Net.Security.SslPolicyErrors)">
            <summary>
            Enables SSL policy checks.
            </summary>
            <param name="policyErrors">The checks to enable.</param>
        </member>
        <member name="M:MassTransit.RabbitMqBusFactoryConfiguratorExtensions.CreateUsingRabbitMq(MassTransit.IBusFactorySelector,System.Action{MassTransit.IRabbitMqBusFactoryConfigurator})">
            <summary>
            Select RabbitMQ as the transport for the service bus
            </summary>
        </member>
        <member name="M:MassTransit.RabbitMqBusFactoryConfiguratorExtensions.UsingRabbitMq(MassTransit.IBusRegistrationConfigurator,System.Action{MassTransit.IBusRegistrationContext,MassTransit.IRabbitMqBusFactoryConfigurator})">
            <summary>
            Configure MassTransit to use RabbitMQ for the transport.
            </summary>
            <param name="configurator">The registration configurator (configured via AddMassTransit)</param>
            <param name="configure">The configuration callback for the bus factory</param>
        </member>
        <member name="M:MassTransit.RabbitMqDependencyInjectionTestingExtensions.AddMassTransitRabbitMqTestHarness(Microsoft.Extensions.DependencyInjection.IServiceCollection,System.Action{MassTransit.IBusRegistrationConfigurator})">
            <summary>
            Add the In-Memory test harness to the container, and configure it using the callback specified.
            </summary>
        </member>
        <member name="M:MassTransit.RabbitMqHostConfigurationExtensions.Host(MassTransit.IRabbitMqBusFactoryConfigurator,System.Uri,System.Action{MassTransit.IRabbitMqHostConfigurator})">
            <summary>
            Configure the RabbitMQ host
            </summary>
            <param name="configurator"></param>
            <param name="hostAddress">The URI host address of the RabbitMQ host (rabbitmq://host:port/vhost)</param>
            <param name="configure"></param>
        </member>
        <member name="M:MassTransit.RabbitMqHostConfigurationExtensions.Host(MassTransit.IRabbitMqBusFactoryConfigurator,System.String,System.Action{MassTransit.IRabbitMqHostConfigurator})">
            <summary>
            Configure the RabbitMQ host
            </summary>
            <param name="configurator"></param>
            <param name="host">The host name of the broker, or a well-formed URI host address</param>
            <param name="configure">The configuration callback</param>
        </member>
        <member name="M:MassTransit.RabbitMqHostConfigurationExtensions.Host(MassTransit.IRabbitMqBusFactoryConfigurator,System.Uri,System.String,System.Action{MassTransit.IRabbitMqHostConfigurator})">
            <summary>
            Configure the RabbitMQ host
            </summary>
            <param name="configurator"></param>
            <param name="hostAddress">The URI host address of the RabbitMQ host (rabbitmq://host:port/vhost)</param>
            <param name="connectionName">The client-provided connection name</param>
            <param name="configure"></param>
        </member>
        <member name="M:MassTransit.RabbitMqHostConfigurationExtensions.Host(MassTransit.IRabbitMqBusFactoryConfigurator,System.String,System.String,System.Action{MassTransit.IRabbitMqHostConfigurator})">
            <summary>
            Configure the RabbitMQ host
            </summary>
            <param name="configurator"></param>
            <param name="host">The host name of the broker</param>
            <param name="virtualHost">The virtual host to use</param>
            <param name="configure">The configuration callback</param>
        </member>
        <member name="M:MassTransit.RabbitMqHostConfigurationExtensions.Host(MassTransit.IRabbitMqBusFactoryConfigurator,System.String,System.String,System.String,System.Action{MassTransit.IRabbitMqHostConfigurator})">
            <summary>
            Configure the RabbitMQ host
            </summary>
            <param name="configurator"></param>
            <param name="host">The host name of the broker</param>
            <param name="virtualHost">The virtual host to use</param>
            <param name="connectionName">The client-provided connection name</param>
            <param name="configure">The configuration callback</param>
        </member>
        <member name="M:MassTransit.RabbitMqHostConfigurationExtensions.Host(MassTransit.IRabbitMqBusFactoryConfigurator,System.String,System.UInt16,System.String,System.Action{MassTransit.IRabbitMqHostConfigurator})">
            <summary>
            Configure the RabbitMQ host
            </summary>
            <param name="configurator"></param>
            <param name="host">The host name of the broker</param>
            <param name="port">The port to connect to the broker</param>
            <param name="virtualHost">The virtual host to use</param>
            <param name="configure">The configuration callback</param>
        </member>
        <member name="M:MassTransit.RabbitMqHostConfigurationExtensions.Host(MassTransit.IRabbitMqBusFactoryConfigurator,System.String,System.UInt16,System.String,System.String,System.Action{MassTransit.IRabbitMqHostConfigurator})">
            <summary>
            Configure the RabbitMQ host
            </summary>
            <param name="configurator"></param>
            <param name="host">The host name of the broker</param>
            <param name="port">The port to connect to the broker</param>
            <param name="virtualHost">The virtual host to use</param>
            <param name="connectionName">The client-provided connection name</param>
            <param name="configure">The configuration callback</param>
        </member>
        <member name="M:MassTransit.RabbitMqHostConfigurationExtensions.ReceiveEndpoint(MassTransit.IRabbitMqBusFactoryConfigurator,System.Action{MassTransit.IRabbitMqReceiveEndpointConfigurator})">
            <summary>
            Declare a ReceiveEndpoint using a unique generated queue name. This queue defaults to auto-delete
            and non-durable. By default all services bus instances include a default receiveEndpoint that is
            of this type (created automatically upon the first receiver binding).
            </summary>
            <param name="configurator"></param>
            <param name="configure"></param>
        </member>
        <member name="M:MassTransit.RabbitMqHostConfigurationExtensions.ReceiveEndpoint(MassTransit.IRabbitMqBusFactoryConfigurator,MassTransit.IEndpointDefinition,System.Action{MassTransit.IRabbitMqReceiveEndpointConfigurator})">
            <summary>
            Declare a ReceiveEndpoint using a unique generated queue name. This queue defaults to auto-delete
            and non-durable. By default all services bus instances include a default receiveEndpoint that is
            of this type (created automatically upon the first receiver binding).
            </summary>
            <param name="configurator"></param>
            <param name="definition"></param>
            <param name="configure"></param>
        </member>
        <member name="T:MassTransit.RabbitMqHostSettings">
            <summary>
            Settings to configure a RabbitMQ host explicitly without requiring the fluent interface
            </summary>
        </member>
        <member name="P:MassTransit.RabbitMqHostSettings.Host">
            <summary>
            The RabbitMQ host to connect to (should be a valid hostname)
            </summary>
        </member>
        <member name="P:MassTransit.RabbitMqHostSettings.Port">
            <summary>
            The RabbitMQ port to connect
            </summary>
        </member>
        <member name="P:MassTransit.RabbitMqHostSettings.VirtualHost">
            <summary>
            The virtual host for the connection
            </summary>
        </member>
        <member name="P:MassTransit.RabbitMqHostSettings.Username">
            <summary>
            The Username for connecting to the host
            </summary>
        </member>
        <member name="P:MassTransit.RabbitMqHostSettings.Password">
            <summary>
            The password for connection to the host
            MAYBE this should be a SecureString instead of a regular string
            </summary>
        </member>
        <member name="P:MassTransit.RabbitMqHostSettings.Heartbeat">
            <summary>
            The heartbeat interval (in seconds) to keep the host connection alive
            </summary>
        </member>
        <member name="P:MassTransit.RabbitMqHostSettings.Ssl">
            <summary>
            True if SSL is required
            </summary>
        </member>
        <member name="P:MassTransit.RabbitMqHostSettings.SslProtocol">
            <summary>
            SSL protocol, Tls11 or Tls12 are recommended
            </summary>
        </member>
        <member name="P:MassTransit.RabbitMqHostSettings.SslServerName">
            <summary>
            The server name specified on the certificate for the RabbitMQ server
            </summary>
        </member>
        <member name="P:MassTransit.RabbitMqHostSettings.AcceptablePolicyErrors">
            <summary>
            The acceptable policy errors for the SSL connection
            </summary>
        </member>
        <member name="P:MassTransit.RabbitMqHostSettings.ClientCertificatePath">
            <summary>
            The path to the client certificate if client certificate authentication is used
            </summary>
        </member>
        <member name="P:MassTransit.RabbitMqHostSettings.ClientCertificatePassphrase">
            <summary>
            The passphrase for the client certificate found using the <see cref="P:MassTransit.RabbitMqHostSettings.ClientCertificatePath" />, not required if <see cref="P:MassTransit.RabbitMqHostSettings.ClientCertificate" /> is populated
            </summary>
        </member>
        <member name="P:MassTransit.RabbitMqHostSettings.ClientCertificate">
            <summary>
            A certificate to use for client certificate authentication, if not set then the <see cref="P:MassTransit.RabbitMqHostSettings.ClientCertificatePath" /> and
            <see cref="P:MassTransit.RabbitMqHostSettings.ClientCertificatePassphrase" /> will be used
            </summary>
        </member>
        <member name="P:MassTransit.RabbitMqHostSettings.UseClientCertificateAsAuthenticationIdentity">
            <summary>
            Whether the client certificate should be used for logging in to RabbitMQ, ignoring any username and password set
            </summary>
            <remarks>
            RabbitMQ must be configured correctly for this to work, including enabling the rabbitmq_auth_mechanism_ssl plugin
            </remarks>
        </member>
        <member name="P:MassTransit.RabbitMqHostSettings.CertificateSelectionCallback">
            <summary>
            An optional client specified SSL certificate selection callback.  If this is not specified,
            the first valid certificate found will be used.
            </summary>
        </member>
        <member name="P:MassTransit.RabbitMqHostSettings.CertificateValidationCallback">
            <summary>
            An optional client specified SSL certificate validation callback.  If this is not specified,
            the default callback will be used in conjunction with the <see cref="P:RabbitMQ.Client.SslOption.AcceptablePolicyErrors" /> property to
            determine if the remote server certificate is valid.
            </summary>
        </member>
        <member name="P:MassTransit.RabbitMqHostSettings.EndpointResolver">
            <summary>
            The host name selector if used to choose which server to connect
            </summary>
        </member>
        <member name="P:MassTransit.RabbitMqHostSettings.ClientProvidedName">
            <summary>
            The client-provided name for the connection (displayed in RabbitMQ admin panel)
            </summary>
        </member>
        <member name="P:MassTransit.RabbitMqHostSettings.HostAddress">
            <summary>
            Returns the host address
            </summary>
        </member>
        <member name="P:MassTransit.RabbitMqHostSettings.PublisherConfirmation">
            <summary>
            True if the publisher should confirm acceptance of messages
            </summary>
        </member>
        <member name="P:MassTransit.RabbitMqHostSettings.RequestedChannelMax">
            <summary>
            The maximum number of channels for the connection
            </summary>
        </member>
        <member name="P:MassTransit.RabbitMqHostSettings.RequestedConnectionTimeout">
            <summary>
            The requested connection timeout, in milliseconds
            </summary>
        </member>
        <member name="P:MassTransit.RabbitMqHostSettings.BatchSettings">
            <summary>
            Batch settings used for the batch publish
            </summary>
        </member>
        <member name="P:MassTransit.RabbitMqHostSettings.ContinuationTimeout">
            <summary>
            The confirmation timeout for RPC commands via Models
            </summary>
        </member>
        <member name="P:MassTransit.RabbitMqHostSettings.MaxMessageSize">
            <summary>
            Configure the Max message size for RabbitMQ.Client
            </summary>
        </member>
        <member name="M:MassTransit.RabbitMqHostSettings.Refresh(RabbitMQ.Client.ConnectionFactory)">
            <summary>
            Called prior to the connection factory being used to connect, so that any settings can be updated.
            Typically this would be the username/password in response to an expired token, etc.
            </summary>
            <param name="connectionFactory"></param>
            <returns></returns>
        </member>
        <member name="M:MassTransit.IRabbitMqConsumeTopologyConfigurator.Bind(System.String,System.Action{MassTransit.IRabbitMqExchangeBindingConfigurator})">
            <summary>
            Bind an exchange, using the configurator
            </summary>
            <param name="exchangeName"></param>
            <param name="configure"></param>
        </member>
        <member name="M:MassTransit.IRabbitMqConsumeTopologyConfigurator.BindQueue(System.String,System.String,System.Action{MassTransit.IRabbitMqQueueBindingConfigurator})">
            <summary>
            Bind an exchange to a queue, both of which are declared if they do not exist. Useful
            for creating alternate/dead-letter exchanges and queues for messages
            </summary>
            <param name="exchangeName">The exchange name to bind</param>
            <param name="queueName">The queue name to declare/bind to the exchange</param>
            <param name="configure">The configuration callback</param>
        </member>
        <member name="M:MassTransit.IRabbitMqMessageConsumeTopologyConfigurator`1.Bind(System.Action{MassTransit.IRabbitMqExchangeBindingConfigurator})">
            <summary>
            Adds the exchange bindings for this message type
            </summary>
            <param name="configure">Configure the binding and the exchange</param>
        </member>
        <member name="M:MassTransit.IRabbitMqMessageConsumeTopologyConfigurator.Apply(MassTransit.RabbitMqTransport.Topology.IReceiveEndpointBrokerTopologyBuilder)">
            <summary>
            Apply the message topology to the builder
            </summary>
            <param name="builder"></param>
        </member>
        <member name="P:MassTransit.IRabbitMqMessagePublishTopologyConfigurator`1.AlternateExchange">
            <summary>
            Specifies the alternate exchange for the published message exchange, which is where messages are sent if no
            queues receive the message.
            </summary>
        </member>
        <member name="M:MassTransit.IRabbitMqMessagePublishTopologyConfigurator`1.BindQueue(System.String,System.String,System.Action{MassTransit.IRabbitMqQueueBindingConfigurator})">
            <summary>
            Bind an exchange to a queue
            </summary>
            <param name="exchangeName"></param>
            <param name="queueName"></param>
            <param name="configure"></param>
        </member>
        <member name="M:MassTransit.IRabbitMqMessagePublishTopologyConfigurator`1.BindAlternateExchangeQueue(System.String,System.String,System.Action{MassTransit.IRabbitMqQueueBindingConfigurator})">
            <summary>
            Bind an alternate exchange/queue for the published message type
            </summary>
            <param name="exchangeName"></param>
            <param name="queueName"></param>
            <param name="configure"></param>
        </member>
        <member name="P:MassTransit.IRabbitMqPublishTopologyConfigurator.BrokerTopologyOptions">
            <summary>
            Determines how type hierarchy is configured on the broker
            </summary>
        </member>
        <member name="M:MassTransit.RabbitMqRoutingKeyConventionExtensions.UseRoutingKeyFormatter``1(MassTransit.ISendTopologyConfigurator,MassTransit.RabbitMqTransport.IMessageRoutingKeyFormatter{``0})">
            <summary>
            Use the routing key formatter for the specified message type
            </summary>
            <typeparam name="T"></typeparam>
            <param name="configurator"></param>
            <param name="formatter"></param>
        </member>
        <member name="M:MassTransit.RabbitMqRoutingKeyConventionExtensions.UseRoutingKeyFormatter``1(MassTransit.ISendTopologyConfigurator,System.Func{MassTransit.SendContext{``0},System.String})">
            <summary>
            Use the delegate to format the routing key, using Empty if the string is null upon return
            </summary>
            <typeparam name="T"></typeparam>
            <param name="configurator"></param>
            <param name="formatter"></param>
        </member>
        <member name="M:MassTransit.RabbitMqRoutingKeyConventionExtensions.UseRoutingKeyFormatter``1(MassTransit.IMessageSendTopologyConfigurator{``0},System.Func{MassTransit.SendContext{``0},System.String})">
            <summary>
            Use the delegate to format the routing key, using Empty if the string is null upon return
            </summary>
            <typeparam name="T"></typeparam>
            <param name="configurator"></param>
            <param name="formatter"></param>
        </member>
        <member name="T:MassTransit.MessageNotAcknowledgedException">
            <summary>
            Thrown when a message is not acknowledged by the broker
            </summary>
        </member>
        <member name="T:MassTransit.MessageNotConfirmedException">
            <summary>
            Published when a RabbitMQ channel is closed and the message was not confirmed by the broker.
            </summary>
        </member>
        <member name="T:MassTransit.MessageReturnedException">
            <summary>
            Published when a RabbitMQ channel is closed and the message was not confirmed by the broker.
            </summary>
        </member>
        <member name="T:MassTransit.RabbitMqBasicConsumeContext">
            <summary>
            Contains the context of the BasicConsume call received by the BasicConsumer
            bound to the inbound RabbitMQ model
            </summary>
        </member>
        <member name="P:MassTransit.RabbitMqBasicConsumeContext.Exchange">
            <summary>
            The exchange to which to the message was sent
            </summary>
        </member>
        <member name="P:MassTransit.RabbitMqBasicConsumeContext.ConsumerTag">
            <summary>
            The consumer tag of the receiving consumer
            </summary>
        </member>
        <member name="P:MassTransit.RabbitMqBasicConsumeContext.DeliveryTag">
            <summary>
            The delivery tag of the message to the consumer
            </summary>
        </member>
        <member name="P:MassTransit.RabbitMqBasicConsumeContext.Properties">
            <summary>
            The basic properties of the message
            </summary>
        </member>
        <member name="P:MassTransit.RabbitMqBasicConsumeContext.Body">
            <summary>
            The message body, since it's a byte array on RabbitMQ
            </summary>
        </member>
        <member name="M:MassTransit.RabbitMqBusFactory.Create(System.Action{MassTransit.IRabbitMqBusFactoryConfigurator})">
            <summary>
            Configure and create a bus for RabbitMQ
            </summary>
            <param name="configure">The configuration callback to configure the bus</param>
            <returns></returns>
        </member>
        <member name="M:MassTransit.RabbitMqDeferMessageExtensions.Defer``1(MassTransit.ConsumeContext{``0},System.TimeSpan,System.Action{MassTransit.ConsumeContext,MassTransit.SendContext})">
            <summary>
            Defers the message for redelivery using a delayed exchange (an experimental RabbitMQ plug-in).
            </summary>
            <typeparam name="T"></typeparam>
            <param name="context"></param>
            <param name="delay"></param>
            <param name="callback"></param>
            <returns></returns>
        </member>
        <member name="M:MassTransit.RabbitMqRequestClientExtensions.CreateReplyToClientFactory(MassTransit.IReceiveConnector,MassTransit.RequestTimeout)">
            <summary>
            Creates a new RPC client factory on RabbitMQ using the direct reply-to feature
            </summary>
            <param name="connector">The connector, typically the bus instance</param>
            <param name="timeout">The default request timeout</param>
            <returns></returns>
        </member>
        <member name="P:MassTransit.RabbitMqSendContext.Mandatory">
            <summary>
            Specify that the published message must be delivered to a queue or it will be returned
            </summary>
        </member>
        <member name="P:MassTransit.RabbitMqSendContext.Exchange">
            <summary>
            The destination exchange for the message
            </summary>
        </member>
        <member name="P:MassTransit.RabbitMqSendContext.AwaitAck">
            <summary>
            True if the ack from the broker should be awaited, otherwise only the BasicPublish call is awaited
            </summary>
        </member>
        <member name="P:MassTransit.RabbitMqSendContext.BasicProperties">
            <summary>
            The basic properties for the RabbitMQ message
            </summary>
        </member>
        <member name="M:MassTransit.RabbitMqSendContextExtensions.SetPriority(MassTransit.SendContext,System.Byte)">
            <summary>
            Sets the priority of a message sent to the broker
            </summary>
            <param name="context"></param>
            <param name="priority"></param>
        </member>
        <member name="M:MassTransit.RabbitMqSendContextExtensions.TrySetPriority(MassTransit.SendContext,System.Byte)">
            <summary>
            Sets the priority of a message sent to the broker
            </summary>
            <param name="context"></param>
            <param name="priority"></param>
        </member>
        <member name="M:MassTransit.RabbitMqSendContextExtensions.SetAwaitAck(MassTransit.SendContext,System.Boolean)">
            <summary>
            Sets whether the send should wait for the ack from the broker, or if it should
            return immediately after the message is sent by the client.
            </summary>
            <param name="context"></param>
            <param name="awaitAck"></param>
        </member>
        <member name="M:MassTransit.RabbitMqSendContextExtensions.TrySetAwaitAck(MassTransit.SendContext,System.Boolean)">
            <summary>
            Sets whether the send should wait for the ack from the broker, or if it should
            return immediately after the message is sent by the client.
            </summary>
            <param name="context"></param>
            <param name="awaitAck"></param>
        </member>
        <member name="P:MassTransit.RabbitMqTransport.Configuration.BatchSettings.Enabled">
            <summary>
            If true, messages are queued up to send in batches to reduce broker round-trip calls
            </summary>
        </member>
        <member name="P:MassTransit.RabbitMqTransport.Configuration.BatchSettings.MessageLimit">
            <summary>
            The maximum number of messages to include in a batch
            </summary>
        </member>
        <member name="P:MassTransit.RabbitMqTransport.Configuration.BatchSettings.SizeLimit">
            <summary>
            A rough size limit for a batch of messages
            </summary>
        </member>
        <member name="P:MassTransit.RabbitMqTransport.Configuration.BatchSettings.Timeout">
            <summary>
            The time to wait for more messages before sending a batch. Should be small, like &lt; 10 milliseconds
            </summary>
        </member>
        <member name="M:MassTransit.RabbitMqTransport.Configuration.IRabbitMqBusConfiguration.CreateEndpointConfiguration">
            <summary>
            Create an endpoint configuration on the bus, which can later be turned into a receive endpoint
            </summary>
            <returns></returns>
        </member>
        <member name="P:MassTransit.RabbitMqTransport.Configuration.IRabbitMqHostConfiguration.PublisherConfirmation">
            <summary>
            True if the broker is confirming published messages
            </summary>
        </member>
        <member name="M:MassTransit.RabbitMqTransport.Configuration.IRabbitMqHostConfiguration.ApplyEndpointDefinition(MassTransit.IRabbitMqReceiveEndpointConfigurator,MassTransit.IEndpointDefinition)">
            <summary>
            Apply the endpoint definition to the receive endpoint configurator
            </summary>
            <param name="configurator"></param>
            <param name="definition"></param>
        </member>
        <member name="T:MassTransit.RabbitMqTransport.Configuration.ExchangeBindingConsumeTopologySpecification">
            <summary>
            Used to bind an exchange to the consuming queue's exchange
            </summary>
        </member>
        <member name="T:MassTransit.RabbitMqTransport.Configuration.ExchangeBindingPublishTopologySpecification">
            <summary>
            Used to bind an exchange to the sending
            </summary>
        </member>
        <member name="T:MassTransit.RabbitMqTransport.Configuration.ExchangeToExchangeBindingConsumeTopologySpecification">
            <summary>
            Used to bind an exchange to the consuming queue's exchange
            </summary>
        </member>
        <member name="T:MassTransit.RabbitMqTransport.Configuration.ExchangeToQueueBindingConsumeTopologySpecification">
            <summary>
            Used to bind an exchange to the consuming queue's exchange
            </summary>
        </member>
        <member name="T:MassTransit.RabbitMqTransport.Configuration.ExchangeToQueueBindingPublishTopologySpecification">
            <summary>
            Used to declare an exchange and queue, and bind them together.
            </summary>
        </member>
        <member name="P:MassTransit.RabbitMqTransport.Configuration.IRoutingKeySendTopologyConvention.DefaultFormatter">
            <summary>
            The default, non-message specific routing key formatter used by messages
            when no specific convention has been specified.
            </summary>
        </member>
        <member name="T:MassTransit.RabbitMqTransport.ConnectionContext">
            <summary>
            A RabbitMQ connection
            </summary>
        </member>
        <member name="P:MassTransit.RabbitMqTransport.ConnectionContext.Connection">
            <summary>
            The RabbitMQ Connection
            </summary>
        </member>
        <member name="P:MassTransit.RabbitMqTransport.ConnectionContext.Description">
            <summary>
            The connection description, useful to debug output
            </summary>
        </member>
        <member name="P:MassTransit.RabbitMqTransport.ConnectionContext.StopTimeout">
            <summary>
            The time to wait during shutdown of any dependencies before giving up and killing things
            </summary>
        </member>
        <member name="M:MassTransit.RabbitMqTransport.ConnectionContext.CreateModel(System.Threading.CancellationToken)">
            <summary>
            Create a model on the connection
            </summary>
            <returns></returns>
        </member>
        <member name="M:MassTransit.RabbitMqTransport.ConnectionContext.CreateModelContext(System.Threading.CancellationToken)">
            <summary>
            Create a channel, and return the <see cref="T:MassTransit.RabbitMqTransport.ModelContext" />.
            </summary>
            <param name="cancellationToken"></param>
            <returns></returns>
        </member>
        <member name="T:MassTransit.RabbitMqTransport.Contracts.PrefetchCountUpdated">
            <summary>
            Published/Returned when the prefetch count of a receive endpoint is updated
            </summary>
        </member>
        <member name="P:MassTransit.RabbitMqTransport.Contracts.PrefetchCountUpdated.Timestamp">
            <summary>
            The time the prefetch count was updated
            </summary>
        </member>
        <member name="P:MassTransit.RabbitMqTransport.Contracts.PrefetchCountUpdated.QueueName">
            <summary>
            The name of the queue that was updated
            </summary>
        </member>
        <member name="P:MassTransit.RabbitMqTransport.Contracts.PrefetchCountUpdated.PrefetchCount">
            <summary>
            The new prefetch count of the receive endpoint
            </summary>
        </member>
        <member name="T:MassTransit.RabbitMqTransport.Contracts.SetPrefetchCount">
            <summary>
            Set the prefetch count of a receive endpoint
            </summary>
        </member>
        <member name="P:MassTransit.RabbitMqTransport.Contracts.SetPrefetchCount.Timestamp">
            <summary>
            The time at which the change was requested
            </summary>
        </member>
        <member name="P:MassTransit.RabbitMqTransport.Contracts.SetPrefetchCount.QueueName">
            <summary>
            An optional queue name that if specified limits the setting to the queue name specified
            </summary>
        </member>
        <member name="P:MassTransit.RabbitMqTransport.Contracts.SetPrefetchCount.PrefetchCount">
            <summary>
            The new prefetch count for the receive endpoint
            </summary>
        </member>
        <member name="M:MassTransit.RabbitMqTransport.DeadLetterSettings.GetBrokerTopology">
            <summary>
            Return the BrokerTopology to apply at startup (to create exchange and queue if binding is specified)
            </summary>
            <returns></returns>
        </member>
        <member name="M:MassTransit.RabbitMqTransport.DelaySettings.GetSendAddress(System.Uri)">
            <summary>
            Returns the send address for the settings
            </summary>
            <param name="hostAddress"></param>
            <returns></returns>
        </member>
        <member name="M:MassTransit.RabbitMqTransport.DelaySettings.GetBrokerTopology">
            <summary>
            Return the BrokerTopology to apply at startup (to create exchange and queue if binding is specified)
            </summary>
            <returns></returns>
        </member>
        <member name="P:MassTransit.RabbitMqTransport.EntitySettings.Durable">
            <summary>
            True if messages should be persisted to disk for the queue
            </summary>
        </member>
        <member name="P:MassTransit.RabbitMqTransport.EntitySettings.AutoDelete">
            <summary>
            True if the queue/exchange should automatically be deleted
            </summary>
        </member>
        <member name="P:MassTransit.RabbitMqTransport.EntitySettings.ExchangeArguments">
            <summary>
            Arguments passed to exchange-declare
            </summary>
        </member>
        <member name="P:MassTransit.RabbitMqTransport.EntitySettings.ExchangeName">
            <summary>
            The exchange name to bind to the queue as the default exchange
            </summary>
        </member>
        <member name="P:MassTransit.RabbitMqTransport.EntitySettings.ExchangeType">
            <summary>
            The RabbitMQ exchange type
            </summary>
        </member>
        <member name="M:MassTransit.RabbitMqTransport.ErrorSettings.GetBrokerTopology">
            <summary>
            Return the BrokerTopology to apply at startup (to create exchange and queue if binding is specified)
            </summary>
            <returns></returns>
        </member>
        <member name="T:MassTransit.RabbitMqTransport.IModelContextSupervisor">
            <summary>
            Attaches a model context to the value
            </summary>
        </member>
        <member name="P:MassTransit.RabbitMqTransport.IPendingConfirmation.Confirmed">
            <summary>
            Completed when the publish has been confirmed by the broker
            </summary>
        </member>
        <member name="M:MassTransit.RabbitMqTransport.IPublisher.Publish(System.String,System.String,System.Boolean,RabbitMQ.Client.IBasicProperties,System.Byte[],System.Boolean)">
            <summary>
            Publish the message to RabbitMQ. The returned Task is completed depending upon the configuration of the
            channel/connection. If publisher confirmation is disable, and batch is disabled, the Task is completed
            immediately. If publisher confirmation is enabled, the Task is completed once
            the broker has confirmed the message. If publisher confirmation is disabled, but batch is enabled, the
            task is completed once the batch has been sent to the broker.
            </summary>
            <param name="exchange"></param>
            <param name="routingKey"></param>
            <param name="mandatory"></param>
            <param name="basicProperties"></param>
            <param name="body"></param>
            <param name="awaitAck">
            Complete the Task only once the message has been confirmed, if confirmation is enabled
            </param>
            <returns></returns>
        </member>
        <member name="P:MassTransit.RabbitMqTransport.IRabbitMqEndpointResolver.LastHost">
            <summary>
            Returns the last host selected by the selector
            </summary>
        </member>
        <member name="M:MassTransit.RabbitMqTransport.IRoutingKeyFormatter.FormatRoutingKey``1(MassTransit.RabbitMqSendContext{``0})">
            <summary>
            Format the routing key for the send context, so that it can be passed to RabbitMQ
            </summary>
            <typeparam name="T">The message type</typeparam>
            <param name="context">The message send context</param>
            <returns>The routing key to specify in the transport</returns>
        </member>
        <member name="T:MassTransit.RabbitMqTransport.Middleware.ConfigureRabbitMqTopologyFilter`1">
            <summary>
            Configures the broker with the supplied topology once the model is created, to ensure
            that the exchanges, queues, and bindings for the model are properly configured in RabbitMQ.
            </summary>
        </member>
        <member name="T:MassTransit.RabbitMqTransport.Middleware.PrefetchCountFilter">
            <summary>
            Prepares a queue for receiving messages using the ReceiveSettings specified.
            </summary>
        </member>
        <member name="T:MassTransit.RabbitMqTransport.Middleware.PurgeOnStartupFilter">
            <summary>
            Purges the queue on startup, only once per filter instance
            </summary>
        </member>
        <member name="T:MassTransit.RabbitMqTransport.Middleware.RabbitMqConsumerFilter">
            <summary>
            A filter that uses the model context to create a basic consumer and connect it to the model
            </summary>
        </member>
        <member name="T:MassTransit.RabbitMqTransport.ModelContext">
            <summary>
            With a connect, and a model from RabbitMQ, this context is passed forward to allow
            the model to be configured and connected
            </summary>
        </member>
        <member name="P:MassTransit.RabbitMqTransport.ModelContext.Model">
            <summary>
            The model
            </summary>
        </member>
        <member name="P:MassTransit.RabbitMqTransport.ModelContext.ConnectionContext">
            <summary>
            The connection context on which the model was created
            </summary>
        </member>
        <member name="M:MassTransit.RabbitMqTransport.ModelContext.BasicPublishAsync(System.String,System.String,System.Boolean,RabbitMQ.Client.IBasicProperties,System.Byte[],System.Boolean)">
            <summary>
            Publish a message to the broker, asynchronously
            </summary>
            <param name="exchange">The destination exchange</param>
            <param name="routingKey">The exchange routing key</param>
            <param name="mandatory">true if the message must be delivered</param>
            <param name="basicProperties">The message properties</param>
            <param name="body">The message body</param>
            <param name="awaitAck"></param>
            <returns>
            An awaitable Task that is completed when the message is acknowledged by the broker
            </returns>
        </member>
        <member name="T:MassTransit.RabbitMqTransport.PendingConfirmation">
            <summary>
            A pending BasicPublish to RabbitMQ, waiting for an ACK/NAK from the broker
            </summary>
        </member>
        <member name="T:MassTransit.RabbitMqTransport.RabbitMqBasicConsumer">
            <summary>
            Receives messages from RabbitMQ, pushing them to the InboundPipe of the service endpoint.
            </summary>
        </member>
        <member name="M:MassTransit.RabbitMqTransport.RabbitMqBasicConsumer.#ctor(MassTransit.RabbitMqTransport.ModelContext,MassTransit.RabbitMqTransport.RabbitMqReceiveEndpointContext)">
            <summary>
            The basic consumer receives messages pushed from the broker.
            </summary>
            <param name="model">The model context for the consumer</param>
            <param name="context">The topology</param>
        </member>
        <member name="M:MassTransit.RabbitMqTransport.RabbitMqBasicConsumer.RabbitMQ#Client#IAsyncBasicConsumer#HandleBasicConsumeOk(System.String)">
            <summary>
            Called when the consumer is ready to be delivered messages by the broker
            </summary>
            <param name="consumerTag"></param>
        </member>
        <member name="M:MassTransit.RabbitMqTransport.RabbitMqBasicConsumer.HandleBasicConsumeOk(System.String)">
            <summary>
            Called when the consumer is ready to be delivered messages by the broker
            </summary>
            <param name="consumerTag"></param>
        </member>
        <member name="M:MassTransit.RabbitMqTransport.RabbitMqBasicConsumer.HandleBasicCancelOk(System.String)">
            <summary>
            Called when the broker has received and acknowledged the BasicCancel, indicating
            that the consumer is requesting to be shut down gracefully.
            </summary>
            <param name="consumerTag">The consumerTag that was shut down.</param>
        </member>
        <member name="M:MassTransit.RabbitMqTransport.RabbitMqBasicConsumer.HandleBasicCancel(System.String)">
            <summary>
            Called when the broker cancels the consumer due to an unexpected event, such as a
            queue removal, or other change, that would disconnect the consumer.
            </summary>
            <param name="consumerTag">The consumerTag that is being cancelled.</param>
        </member>
        <member name="P:MassTransit.RabbitMqTransport.RabbitMqDeliveryMetrics.ConsumerTag">
            <summary>
            The consumer tag that was assigned to the consumer by the broker
            </summary>
        </member>
        <member name="M:MassTransit.RabbitMqTransport.RabbitMqExtensions.Cleanup(RabbitMQ.Client.IModel,System.UInt16,System.String)">
            <summary>
            Close and dispose of a RabbitMQ channel without throwing any exceptions
            </summary>
            <param name="model">The channel (can be null)</param>
            <param name="replyCode"></param>
            <param name="message">Message for channel closure</param>
        </member>
        <member name="M:MassTransit.RabbitMqTransport.RabbitMqExtensions.Cleanup(RabbitMQ.Client.IConnection,System.UInt16,System.String)">
            <summary>
            Close and dispose of a RabbitMQ connection without throwing any exceptions
            </summary>
            <param name="connection">The channel (can be null)</param>
            <param name="replyCode"></param>
            <param name="message">Message for channel closure</param>
        </member>
        <member name="T:MassTransit.RabbitMqTransport.ReceiveSettings">
            <summary>
            Specify the receive settings for a receive transport
            </summary>
        </member>
        <member name="P:MassTransit.RabbitMqTransport.ReceiveSettings.QueueName">
            <summary>
            The queue name to receive from
            </summary>
        </member>
        <member name="P:MassTransit.RabbitMqTransport.ReceiveSettings.PrefetchCount">
            <summary>
            The number of unacknowledged messages to allow to be processed concurrently
            </summary>
        </member>
        <member name="P:MassTransit.RabbitMqTransport.ReceiveSettings.Exclusive">
            <summary>
            True if the queue receive should be exclusive and not shared
            </summary>
        </member>
        <member name="P:MassTransit.RabbitMqTransport.ReceiveSettings.QueueArguments">
            <summary>
            Arguments passed to QueueDeclare
            </summary>
        </member>
        <member name="P:MassTransit.RabbitMqTransport.ReceiveSettings.PurgeOnStartup">
            <summary>
            If True, and a queue name is specified, if the queue exists and has messages, they are purged at startup
            If the connection is reset, messages are not purged until the service is reset
            </summary>
        </member>
        <member name="P:MassTransit.RabbitMqTransport.ReceiveSettings.ConsumeArguments">
            <summary>
            Arguments passed to the basicConsume
            </summary>
        </member>
        <member name="P:MassTransit.RabbitMqTransport.ReceiveSettings.ExclusiveConsumer">
            <summary>
            Should the consumer have exclusive access to the queue
            </summary>
        </member>
        <member name="P:MassTransit.RabbitMqTransport.ReceiveSettings.QueueExpiration">
            <summary>
            When the queue should expire
            </summary>
        </member>
        <member name="P:MassTransit.RabbitMqTransport.ReceiveSettings.BindQueue">
            <summary>
            If false, deploys only exchange, without queue
            </summary>
        </member>
        <member name="P:MassTransit.RabbitMqTransport.ReceiveSettings.NoAck">
            <summary>
            False by default, True if no acks are supported.
            </summary>
        </member>
        <member name="M:MassTransit.RabbitMqTransport.ReceiveSettings.GetInputAddress(System.Uri)">
            <summary>
            Get the input address for the transport on the specified host
            </summary>
        </member>
        <member name="M:MassTransit.RabbitMqTransport.SendSettings.GetSendAddress(System.Uri)">
            <summary>
            Returns the send address for the settings
            </summary>
            <param name="hostAddress"></param>
            <returns></returns>
        </member>
        <member name="M:MassTransit.RabbitMqTransport.SendSettings.GetBrokerTopology">
            <summary>
            Return the BrokerTopology to apply at startup (to create exchange and queue if binding is specified)
            </summary>
            <returns></returns>
        </member>
        <member name="T:MassTransit.RabbitMqTransport.Topology.Exchange">
            <summary>
            The exchange details used to declare the exchange to RabbitMQ
            </summary>
        </member>
        <member name="P:MassTransit.RabbitMqTransport.Topology.Exchange.ExchangeName">
            <summary>
            The exchange name
            </summary>
        </member>
        <member name="P:MassTransit.RabbitMqTransport.Topology.Exchange.ExchangeType">
            <summary>
            The exchange type
            </summary>
        </member>
        <member name="P:MassTransit.RabbitMqTransport.Topology.Exchange.Durable">
            <summary>
            True if the exchange should be durable, and survive a broker restart
            </summary>
        </member>
        <member name="P:MassTransit.RabbitMqTransport.Topology.Exchange.AutoDelete">
            <summary>
            True if the exchange should be deleted when the connection is closed
            </summary>
        </member>
        <member name="P:MassTransit.RabbitMqTransport.Topology.Exchange.ExchangeArguments">
            <summary>
            Additional exchange arguments
            </summary>
        </member>
        <member name="T:MassTransit.RabbitMqTransport.Topology.ExchangeToExchangeBinding">
            <summary>
            The exchange to exchange binding details to declare the binding to RabbitMQ
            </summary>
        </member>
        <member name="P:MassTransit.RabbitMqTransport.Topology.ExchangeToExchangeBinding.Source">
            <summary>
            The source exchange
            </summary>
        </member>
        <member name="P:MassTransit.RabbitMqTransport.Topology.ExchangeToExchangeBinding.Destination">
            <summary>
            The destination exchange
            </summary>
        </member>
        <member name="P:MassTransit.RabbitMqTransport.Topology.ExchangeToExchangeBinding.RoutingKey">
            <summary>
            A routing key for the exchange binding
            </summary>
        </member>
        <member name="P:MassTransit.RabbitMqTransport.Topology.ExchangeToExchangeBinding.Arguments">
            <summary>
            The arguments for the binding
            </summary>
        </member>
        <member name="T:MassTransit.RabbitMqTransport.Topology.ExchangeToQueueBinding">
            <summary>
            The exchange to queue binding details to declare the binding to RabbitMQ
            </summary>
        </member>
        <member name="P:MassTransit.RabbitMqTransport.Topology.ExchangeToQueueBinding.Source">
            <summary>
            The source exchange
            </summary>
        </member>
        <member name="P:MassTransit.RabbitMqTransport.Topology.ExchangeToQueueBinding.Destination">
            <summary>
            The destination exchange
            </summary>
        </member>
        <member name="P:MassTransit.RabbitMqTransport.Topology.ExchangeToQueueBinding.RoutingKey">
            <summary>
            A routing key for the exchange binding
            </summary>
        </member>
        <member name="P:MassTransit.RabbitMqTransport.Topology.ExchangeToQueueBinding.Arguments">
            <summary>
            The arguments for the binding
            </summary>
        </member>
        <member name="T:MassTransit.RabbitMqTransport.Topology.Queue">
            <summary>
            The queue details used to declare the queue to RabbitMQ
            </summary>
        </member>
        <member name="P:MassTransit.RabbitMqTransport.Topology.Queue.QueueName">
            <summary>
            The queue name
            </summary>
        </member>
        <member name="P:MassTransit.RabbitMqTransport.Topology.Queue.Durable">
            <summary>
            True if the queue should be durable, and survive a broker restart
            </summary>
        </member>
        <member name="P:MassTransit.RabbitMqTransport.Topology.Queue.AutoDelete">
            <summary>
            True if the queue should be deleted when the connection is closed
            </summary>
        </member>
        <member name="P:MassTransit.RabbitMqTransport.Topology.Queue.Exclusive">
            <summary>
            True if the queue should be exclusive and not shared
            </summary>
        </member>
        <member name="P:MassTransit.RabbitMqTransport.Topology.Queue.QueueArguments">
            <summary>
            Additional queue arguments
            </summary>
        </member>
        <member name="M:MassTransit.RabbitMqTransport.Topology.IBrokerTopologyBuilder.ExchangeDeclare(System.String,System.String,System.Boolean,System.Boolean,System.Collections.Generic.IDictionary{System.String,System.Object})">
            <summary>
            Declares an exchange
            </summary>
            <param name="name">The exchange name</param>
            <param name="type">The exchange type</param>
            <param name="durable">A durable exchange survives a broker restart</param>
            <param name="autoDelete">Automatically delete if the broker connection is closed</param>
            <param name="arguments">The exchange arguments</param>
            <returns>An entity handle used to reference the exchange in subsequent calls</returns>
        </member>
        <member name="M:MassTransit.RabbitMqTransport.Topology.IBrokerTopologyBuilder.ExchangeBind(MassTransit.RabbitMqTransport.Topology.ExchangeHandle,MassTransit.RabbitMqTransport.Topology.ExchangeHandle,System.String,System.Collections.Generic.IDictionary{System.String,System.Object})">
            <summary>
            Bind an exchange to an exchange, with the specified routing key and arguments
            </summary>
            <param name="source">The source exchange</param>
            <param name="destination">The destination exchange</param>
            <param name="routingKey">The binding routing key</param>
            <param name="arguments">The binging arguments</param>
            <returns>An entity handle used to reference the binding in subsequent calls</returns>
        </member>
        <member name="M:MassTransit.RabbitMqTransport.Topology.IBrokerTopologyBuilder.QueueDeclare(System.String,System.Boolean,System.Boolean,System.Boolean,System.Collections.Generic.IDictionary{System.String,System.Object})">
            <summary>
            Declares a queue
            </summary>
            <param name="name"></param>
            <param name="durable"></param>
            <param name="autoDelete"></param>
            <param name="exclusive"></param>
            <param name="arguments"></param>
            <returns></returns>
        </member>
        <member name="M:MassTransit.RabbitMqTransport.Topology.IBrokerTopologyBuilder.QueueBind(MassTransit.RabbitMqTransport.Topology.ExchangeHandle,MassTransit.RabbitMqTransport.Topology.QueueHandle,System.String,System.Collections.Generic.IDictionary{System.String,System.Object})">
            <summary>
            Binds an exchange to a queue, with the specified routing key and arguments
            </summary>
            <param name="exchange"></param>
            <param name="queue"></param>
            <param name="routingKey"></param>
            <param name="arguments"></param>
            <returns></returns>
        </member>
        <member name="T:MassTransit.RabbitMqTransport.Topology.IExchangeTypeSelector">
            <summary>
            During a topology build, this will determine the exchange type for a message,
            given the exchange name (entity name) and routing key which have already been determined.
            </summary>
        </member>
        <member name="P:MassTransit.RabbitMqTransport.Topology.IExchangeTypeSelector.DefaultExchangeType">
            <summary>
            The default exchange type
            </summary>
        </member>
        <member name="M:MassTransit.RabbitMqTransport.Topology.IExchangeTypeSelector.GetExchangeType``1(System.String)">
            <summary>
            Returns the exchange type for the send context
            </summary>
            <typeparam name="T">The message type</typeparam>
            <param name="exchangeName">The exchange name</param>
            <returns>The exchange type for the send</returns>
        </member>
        <member name="T:MassTransit.RabbitMqTransport.Topology.IMessageExchangeTypeSelector`1">
            <summary>
            Used to select the exchange type for a published message
            </summary>
            <typeparam name="TMessage">The message type</typeparam>
        </member>
        <member name="P:MassTransit.RabbitMqTransport.Topology.IMessageExchangeTypeSelector`1.DefaultExchangeType">
            <summary>
            The default exchange type
            </summary>
        </member>
        <member name="M:MassTransit.RabbitMqTransport.Topology.IMessageExchangeTypeSelector`1.GetExchangeType(System.String)">
            <summary>
            Returns the exchange type for the message type
            </summary>
            <param name="exchangeName">The exchange name</param>
            <returns>The exchange type for the send</returns>
        </member>
        <member name="T:MassTransit.RabbitMqTransport.Topology.IPublishEndpointBrokerTopologyBuilder">
            <summary>
            A builder for creating the topology when publishing a message
            </summary>
        </member>
        <member name="P:MassTransit.RabbitMqTransport.Topology.IPublishEndpointBrokerTopologyBuilder.Exchange">
            <summary>
            The exchange to which the message is published
            </summary>
        </member>
        <member name="T:MassTransit.RabbitMqTransport.Topology.IReceiveEndpointBrokerTopologyBuilder">
            <summary>
            A unique builder context should be created for each specification, so that the items added
            by it can be combined together into a group - so that if a subsequent specification yanks
            something that conflicts, the system can yank the group or warn that it's impacted.
            </summary>
        </member>
        <member name="P:MassTransit.RabbitMqTransport.Topology.IReceiveEndpointBrokerTopologyBuilder.Queue">
            <summary>
            A handle to the consuming queue
            </summary>
        </member>
        <member name="P:MassTransit.RabbitMqTransport.Topology.IReceiveEndpointBrokerTopologyBuilder.Exchange">
            <summary>
            A handle to the exchange which is bound directly to the consuming queue
            </summary>
        </member>
        <member name="P:MassTransit.RabbitMqTransport.Topology.PublishEndpointBrokerTopologyBuilder.Exchange">
            <summary>
            The exchange to which the published message is sent
            </summary>
        </member>
        <member name="M:MassTransit.IRabbitMqBusTopology.GetDestinationAddress(System.String,System.Action{MassTransit.IRabbitMqExchangeConfigurator})">
            <summary>
            Returns the destination address for the specified exchange
            </summary>
            <param name="exchangeName"></param>
            <param name="configure">Callback to configure exchange settings</param>
            <returns></returns>
        </member>
        <member name="M:MassTransit.IRabbitMqBusTopology.GetDestinationAddress(System.Type,System.Action{MassTransit.IRabbitMqExchangeConfigurator})">
            <summary>
            Returns the destination address for the specified message type
            </summary>
            <param name="messageType">The message type</param>
            <param name="configure">Callback to configure exchange settings</param>
            <returns></returns>
        </member>
        <member name="M:MassTransit.IRabbitMqConsumeTopology.Apply(MassTransit.RabbitMqTransport.Topology.IReceiveEndpointBrokerTopologyBuilder)">
            <summary>
            Apply the entire topology to the builder
            </summary>
            <param name="builder"></param>
        </member>
        <member name="M:MassTransit.IRabbitMqMessagePublishTopology`1.GetSendSettings(System.Uri)">
            <summary>
            Returns the send settings for a publish endpoint, which are mostly unused now with topology
            </summary>
            <param name="hostAddress"></param>
            <returns></returns>
        </member>
        <member name="M:MassTransit.IRabbitMqMessagePublishTopology.Apply(MassTransit.RabbitMqTransport.Topology.IPublishEndpointBrokerTopologyBuilder)">
            <summary>
            Apply the message topology to the builder, including any implemented types
            </summary>
            <param name="builder">The topology builder</param>
        </member>
        <member name="P:MassTransit.IRabbitMqPublishTopology.BrokerTopologyOptions">
            <summary>
            Determines how type hierarchy is configured on the broker
            </summary>
        </member>
        <member name="M:MassTransit.IRabbitMqSendTopology.GetSendSettings(MassTransit.RabbitMqEndpointAddress)">
            <summary>
            Return the send settings for the specified <paramref name="address" />
            </summary>
            <param name="address"></param>
            <returns></returns>
        </member>
        <member name="M:MassTransit.IRabbitMqSendTopology.GetErrorSettings(MassTransit.RabbitMqTransport.ReceiveSettings)">
            <summary>
            Return the error settings for the queue
            </summary>
            <param name="settings"></param>
            <returns></returns>
        </member>
        <member name="M:MassTransit.IRabbitMqSendTopology.GetDeadLetterSettings(MassTransit.RabbitMqTransport.ReceiveSettings)">
            <summary>
            Return the dead letter settings for the queue
            </summary>
            <param name="settings"></param>
            <returns></returns>
        </member>
    </members>
</doc>
