<?xml version="1.0"?>
<doc>
    <assembly>
        <name>NewId</name>
    </assembly>
    <members>
        <member name="T:MassTransit.NewId">
            <summary>
            A NewId is a type that fits into the same space as a Guid/Uuid/unique identifier,
            but is guaranteed to be both unique and ordered, assuming it is generated using
            a single instance of the generator for each network address used.
            </summary>
        </member>
        <member name="M:MassTransit.NewId.#ctor(System.Byte[]@)">
            <summary>
            Creates a NewId using the specified byte array.
            </summary>
            <param name="bytes"></param>
        </member>
        <member name="M:MassTransit.NewId.Next">
            <summary>
            Generate a NewId
            </summary>
            <returns></returns>
        </member>
        <member name="M:MassTransit.NewId.Next(System.Int32)">
            <summary>
            Generate an array of NewIds
            </summary>
            <param name="count">The number of NewIds to generate</param>
            <returns></returns>
        </member>
        <member name="M:MassTransit.NewId.Next(MassTransit.NewId[],System.Int32,System.Int32)">
            <summary>
            Generate an array of NewIds
            </summary>
            <param name="index">The starting offset for the newly generated ids</param>
            <param name="count">The number of NewIds to generate</param>
            <param name="ids">An existing array</param>
            <returns></returns>
        </member>
        <member name="M:MassTransit.NewId.NextGuid">
            <summary>
            Generate a NewId, and return it as a Guid
            </summary>
            <returns></returns>
        </member>
    </members>
</doc>
